target,rows,model,validation,mae,rmse,mape_percent,r2
latency_median_ms,48,RandomForestRegressor,"GroupKFold by block_id, n_splits=6",2.566115509610706,3.6529998590753574,37.4758014936061,0.7641506967490006
cpu_per_run_ms,48,RandomForestRegressor,"GroupKFold by block_id, n_splits=6",2.352143108465607,3.418845814845676,39.66236976665632,0.81061357429069
pss_after_kb,48,RandomForestRegressor,"GroupKFold by block_id, n_splits=6",9802.28995684524,10713.275158673554,16.365286280783014,0.27424536030836555
native_heap_after_kb,48,RandomForestRegressor,"GroupKFold by block_id, n_splits=6",2757.9375,2928.558623322403,18.1204950978039,0.47576703121801933
