target,rows,model,validation,mae,rmse,mape_percent,r2
latency_median_ms,48,RandomForestRegressor,"GroupKFold by block_id, n_splits=6",1.4145042625687836,2.7976817163358967,30.625050295956438,0.8389002893583146
cpu_per_run_ms,48,RandomForestRegressor,"GroupKFold by block_id, n_splits=6",1.5682931167328051,3.162333830257765,26.154099089892018,0.8302758648095159
pss_after_kb,48,RandomForestRegressor,"GroupKFold by block_id, n_splits=6",14470.333333333334,14829.323499732369,22.516232646236475,0.029574288882608712
native_heap_after_kb,48,RandomForestRegressor,"GroupKFold by block_id, n_splits=6",2497.164477678571,2680.3729126882777,16.208552082727685,0.5301020705868009
