dataset,rows,mae,rmse,mean_error,median_absolute_error,max_absolute_error
cifar100,17836,1.0963286805498547,2.62087762715247,0.039573627555620994,0.20842720175254348,30.073772772189752
cifar10,17739,1.0810959580561863,2.5357727374886814,-0.005302414746632432,0.2340115449646154,38.475706502949045
ImageNet16-120,17856,0.4340805715552931,0.8211441653467796,0.0820452826866698,0.14369000464635362,8.18170202118794
