metric,value
rows,53431.0
mae,0.8699560598142876
rmse,2.157104134388665
mape_percent,185.8890278309157
